<?xml version="1.0" encoding="UTF-8" standalone="no"?>
<project-deployment xmlns="http://www.ibm.com/rules/ruleproject/deployment" xmlns:xsi="http://www.w3.org/2001/XMLSchema-instance">
    <config serverURL="https://brsv2-b6dd01b1.ng.bluemix.net/res">
        <xom>
            <uri value="resuri://products.zip/1.0"/>
        </xom>
    </config>
<config serverURL="https://brsv2-4bf66785.ng.bluemix.net/res">
        <xom>
            <uri value="resuri://products.zip/1.0"/>
        </xom>
    </config>
<config serverURL="https://brsv2-7db5d240.eu-gb.bluemix.net/res">
        <xom>
            <uri value="resuri://products.zip/1.0"/>
        </xom>
    </config>
</project-deployment>
